runId,caseId,mode,groundTruth,aiVerdict,tp,tn,fp,fn,unknown,inputTokens,outputTokens,totalTokens,wallTimeMs,toolCalls,actualTokenMeasurement,error
run-1791392407639-a7c74836,M01,AI_ALONE,MALICIOUS,CONFIRMED,1,0,0,0,0,756,290,1046,1729,0,PASS,
run-1791392407681-0e21e02a,M02,AI_ALONE,MALICIOUS,CONFIRMED,1,0,0,0,0,760,437,1197,2458,0,PASS,
run-1791392411648-5cffc52e,M03,AI_ALONE,MALICIOUS,CONFIRMED,1,0,0,0,0,756,413,1169,14256,0,PASS,
run-1791392411649-3dd77cb7,M04,AI_ALONE,MALICIOUS,CONFIRMED,1,0,0,0,0,643,292,935,1624,0,PASS,
run-1791392427424-1c404594,M01,SENTINEL_ASSISTED,MALICIOUS,CONFIRMED,1,0,0,0,0,1677,169,1846,1566,0,PASS,
run-1791392427424-b46ac006,M02,SENTINEL_ASSISTED,MALICIOUS,CONFIRMED,1,0,0,0,0,1682,147,1829,2273,0,PASS,
run-1791392431218-d028d82a,M01,SENTINEL_AGENTIC,MALICIOUS,UNKNOWN,0,0,0,0,1,1809,14,1823,937,1,PASS,
run-1791392431219-94963804,M02,SENTINEL_AGENTIC,MALICIOUS,UNKNOWN,0,0,0,0,1,1810,14,1824,938,1,PASS,
run-1791392433663-854b92d5,M05,AI_ALONE,MALICIOUS,CONFIRMED,1,0,0,0,0,647,326,973,1816,0,PASS,
run-1791392433664-3fd2def9,M06,AI_ALONE,MALICIOUS,UNKNOWN,0,0,0,0,1,591,316,907,1632,0,PASS,
run-1791392436988-2e1987c7,B01,AI_ALONE,BENIGN,UNKNOWN,0,0,0,0,1,263,33,296,1313,0,PASS,
run-1791392436989-52a7b76b,B02,AI_ALONE,BENIGN,UNKNOWN,0,0,0,0,1,263,54,317,2447,0,PASS,
run-1791392440943-ce5d6c71,M03,SENTINEL_ASSISTED,MALICIOUS,CONFIRMED,1,0,0,0,0,1678,144,1822,28877,0,PASS,
run-1791392440944-b3676c95,M04,SENTINEL_ASSISTED,MALICIOUS,CONFIRMED,1,0,0,0,0,1567,188,1755,1147,0,PASS,
run-1791392471335-08e45d81,M03,SENTINEL_AGENTIC,MALICIOUS,CONFIRMED,1,0,0,0,0,1808,158,1966,1064,0,PASS,
run-1791392471335-eada3368,M04,SENTINEL_AGENTIC,MALICIOUS,UNKNOWN,0,0,0,0,1,1701,14,1715,2844,1,PASS,
run-1791392475689-a0519b2c,B03,AI_ALONE,BENIGN,BENIGN,0,1,0,0,0,263,67,330,707,0,PASS,
run-1791392475690-075d5ec2,B04,AI_ALONE,BENIGN,UNKNOWN,0,0,0,0,1,263,34,297,705,0,PASS,
run-1791392477912-672d28d1,B05,AI_ALONE,BENIGN,UNKNOWN,0,0,0,0,1,263,52,315,29365,0,PASS,
run-1791392477913-5e7252c9,B06,AI_ALONE,BENIGN,UNKNOWN,0,0,0,0,1,263,52,315,937,0,PASS,
run-1791392508795-ff23b851,M05,SENTINEL_ASSISTED,MALICIOUS,CONFIRMED,1,0,0,0,0,1569,158,1727,891,0,PASS,
run-1791392508796-f8781691,M06,SENTINEL_ASSISTED,MALICIOUS,CONFIRMED,1,0,0,0,0,1508,144,1652,1292,0,PASS,
run-1791392511599-630886c3,M05,SENTINEL_AGENTIC,MALICIOUS,CONFIRMED,1,0,0,0,0,1693,302,1995,1862,1,PASS,
run-1791392511600-35343ddd,M06,SENTINEL_AGENTIC,MALICIOUS,CONFIRMED,1,0,0,0,0,2283,221,2504,1391,2,PASS,
run-1791392514968-a3b28662,B07,AI_ALONE,BENIGN,UNKNOWN,0,0,0,0,1,263,34,297,992,0,PASS,
run-1791392514969-f7a75df9,B08,AI_ALONE,BENIGN,UNKNOWN,0,0,0,0,1,263,33,296,990,0,PASS,
run-1791392517471-8ecc6ea9,B09,AI_ALONE,BENIGN,UNKNOWN,0,0,0,0,1,263,35,298,823,0,PASS,
run-1791392517472-a161fce5,B10,AI_ALONE,BENIGN,UNKNOWN,0,0,0,0,1,263,56,319,25448,0,PASS,
run-1791392544431-02239e4c,B01,SENTINEL_ASSISTED,BENIGN,BENIGN,0,1,0,0,0,268,101,369,1056,0,PASS,
run-1791392544431-de5d55f3,B02,SENTINEL_ASSISTED,BENIGN,BENIGN,0,1,0,0,0,268,107,375,1326,0,PASS,
run-1791392547270-6b7754d3,B01,SENTINEL_AGENTIC,BENIGN,BENIGN,0,1,0,0,0,388,141,529,1010,0,PASS,
run-1791392547271-63cb17dc,B02,SENTINEL_AGENTIC,BENIGN,UNKNOWN,0,0,0,0,1,388,8,396,1007,1,PASS,
run-1791392549786-d42938f3,B11,AI_ALONE,BENIGN,UNKNOWN,0,0,0,0,1,263,35,298,896,0,PASS,
run-1791392549787-1982f330,B12,AI_ALONE,BENIGN,UNKNOWN,0,0,0,0,1,263,33,296,727,0,PASS,
run-1791392552203-34461007,B13,AI_ALONE,BENIGN,BENIGN,0,1,0,0,0,263,60,323,714,0,PASS,
run-1791392552203-96e3817d,B14,AI_ALONE,BENIGN,UNKNOWN,0,0,0,0,1,263,46,309,715,0,PASS,
run-1791392554436-86baaf0d,B03,SENTINEL_ASSISTED,BENIGN,BENIGN,0,1,0,0,0,268,110,378,32653,0,PASS,
run-1791392554437-e3f63374,B04,SENTINEL_ASSISTED,BENIGN,BENIGN,0,1,0,0,0,268,107,375,965,0,PASS,
run-1791392588606-06ad9cad,B03,SENTINEL_AGENTIC,BENIGN,BENIGN,0,1,0,0,0,388,116,504,1243,0,PASS,
run-1791392588606-2c86e210,B04,SENTINEL_AGENTIC,BENIGN,BENIGN,0,1,0,0,0,388,214,602,1982,2,PASS,
run-1791392592109-7409931b,B15,AI_ALONE,BENIGN,UNKNOWN,0,0,0,0,1,263,73,336,1184,0,PASS,
run-1791392592110-cc869c55,B16,AI_ALONE,BENIGN,UNKNOWN,0,0,0,0,1,263,53,316,19253,0,PASS,
run-1791392612873-23db9a8e,B17,AI_ALONE,BENIGN,UNKNOWN,0,0,0,0,1,263,46,309,30413,0,PASS,
run-1791392612874-6a4a763c,B18,AI_ALONE,BENIGN,BENIGN,0,1,0,0,0,263,62,325,1114,0,PASS,
run-1791392644791-82afe75f,B05,SENTINEL_ASSISTED,BENIGN,BENIGN,0,1,0,0,0,268,107,375,875,0,PASS,
run-1791392644792-bc977f2d,B06,SENTINEL_ASSISTED,BENIGN,BENIGN,0,1,0,0,0,268,89,357,1283,0,PASS,
run-1791392647593-9167c9b7,B05,SENTINEL_AGENTIC,BENIGN,BENIGN,0,1,0,0,0,388,111,499,1027,0,PASS,
run-1791392647594-2cda9f9d,B06,SENTINEL_AGENTIC,BENIGN,UNKNOWN,0,0,0,0,1,388,8,396,538,1,PASS,
run-1791392650137-9c874d01,B19,AI_ALONE,BENIGN,BENIGN,0,1,0,0,0,263,61,324,897,0,PASS,
run-1791392650137-2cab4382,B20,AI_ALONE,BENIGN,UNKNOWN,0,0,0,0,1,263,31,294,649,0,PASS,
run-1791392652544-e410ef13,SP01a,AI_ALONE,BENIGN,CONFIRMED,0,0,1,0,0,296,155,451,1004,0,PASS,
run-1791392652544-b613bc9b,SP01b,AI_ALONE,MALICIOUS,CONFIRMED,1,0,0,0,0,292,141,433,1004,0,PASS,
run-1791392655064-7385805a,B07,SENTINEL_ASSISTED,BENIGN,BENIGN,0,1,0,0,0,268,88,356,1046,0,PASS,
run-1791392655065-5126c5e2,B08,SENTINEL_ASSISTED,BENIGN,BENIGN,0,1,0,0,0,268,108,376,1044,0,PASS,
run-1791392657633-a112325c,B07,SENTINEL_AGENTIC,BENIGN,BENIGN,0,1,0,0,0,388,112,500,933,0,PASS,
run-1791392657634-23977e89,B08,SENTINEL_AGENTIC,BENIGN,UNKNOWN,0,0,0,0,1,388,8,396,932,1,PASS,
run-1791392660077-ae6eb608,B09,SENTINEL_ASSISTED,BENIGN,BENIGN,0,1,0,0,0,268,94,362,846,0,PASS,
run-1791392660078-76078194,B10,SENTINEL_ASSISTED,BENIGN,BENIGN,0,1,0,0,0,268,107,375,845,0,PASS,
run-1791392662437-4f05bfae,B09,SENTINEL_AGENTIC,BENIGN,UNKNOWN,0,0,0,0,1,388,8,396,495,1,PASS,
run-1791392662437-f351b74c,B10,SENTINEL_AGENTIC,BENIGN,BENIGN,0,1,0,0,0,388,148,536,947,0,PASS,
run-1791392664898-fdd8c8e3,B11,SENTINEL_ASSISTED,BENIGN,BENIGN,0,1,0,0,0,268,107,375,978,0,PASS,
run-1791392664898-428c0b9c,B12,SENTINEL_ASSISTED,BENIGN,BENIGN,0,1,0,0,0,268,101,369,1367,0,PASS,
run-1791392667783-09f78638,B11,SENTINEL_AGENTIC,BENIGN,BENIGN,0,1,0,0,0,388,119,507,2746,0,PASS,
run-1791392667783-d143ea09,B12,SENTINEL_AGENTIC,BENIGN,BENIGN,0,1,0,0,0,388,117,505,1072,0,PASS,
run-1791392672037-479bf9a1,B13,SENTINEL_ASSISTED,BENIGN,BENIGN,0,1,0,0,0,268,105,373,3017,0,PASS,
run-1791392672037-2f24275f,B14,SENTINEL_ASSISTED,BENIGN,BENIGN,0,1,0,0,0,268,87,355,1073,0,PASS,
run-1791392676563-92684415,B13,SENTINEL_AGENTIC,BENIGN,BENIGN,0,1,0,0,0,388,90,478,5729,0,PASS,
run-1791392676566-6df4194a,B14,SENTINEL_AGENTIC,BENIGN,BENIGN,0,1,0,0,0,388,110,498,5343,0,PASS,
run-1791392683805-9ca41561,B15,SENTINEL_ASSISTED,BENIGN,BENIGN,0,1,0,0,0,268,109,377,709,0,PASS,
run-1791392683806-0245da0d,B16,SENTINEL_ASSISTED,BENIGN,BENIGN,0,1,0,0,0,268,112,380,40657,0,PASS,
run-1791392725970-30d45894,B15,SENTINEL_AGENTIC,BENIGN,BENIGN,0,1,0,0,0,388,146,534,12650,0,PASS,
run-1791392725970-6d8739a2,B16,SENTINEL_AGENTIC,BENIGN,UNKNOWN,0,0,0,0,1,388,8,396,10585,1,PASS,
run-1791392740130-1a676482,B17,SENTINEL_ASSISTED,BENIGN,BENIGN,0,1,0,0,0,268,123,391,5020,0,PASS,
run-1791392740131-504d562b,B18,SENTINEL_ASSISTED,BENIGN,BENIGN,0,1,0,0,0,268,109,377,8783,0,PASS,
run-1791392750419-6dee4f25,B17,SENTINEL_AGENTIC,BENIGN,BENIGN,0,1,0,0,0,388,135,523,2766,0,PASS,
run-1791392750420-fdb053f3,B18,SENTINEL_AGENTIC,BENIGN,BENIGN,0,1,0,0,0,388,70,458,3382,0,PASS,
run-1791392755316-f99cd600,B19,SENTINEL_ASSISTED,BENIGN,BENIGN,0,1,0,0,0,268,105,373,1391,0,PASS,
run-1791392755316-b3a6a08b,B20,SENTINEL_ASSISTED,BENIGN,BENIGN,0,1,0,0,0,268,111,379,1402,0,PASS,
run-1791392758231-962f31b3,B19,SENTINEL_AGENTIC,BENIGN,BENIGN,0,1,0,0,0,388,111,499,792,0,PASS,
run-1791392758232-ba2fc6b3,B20,SENTINEL_AGENTIC,BENIGN,UNKNOWN,0,0,0,0,1,388,8,396,1479,1,PASS,
run-1791392761218-342986c7,SP01a,SENTINEL_ASSISTED,BENIGN,CONFIRMED,0,0,1,0,0,312,160,472,1476,0,PASS,
run-1791392761219-cb221135,SP01b,SENTINEL_ASSISTED,MALICIOUS,CONFIRMED,1,0,0,0,0,307,122,429,1003,0,PASS,
run-1791392764205-492758e3,SP01a,SENTINEL_AGENTIC,BENIGN,BENIGN,0,1,0,0,0,427,139,566,2243,0,PASS,
run-1791392764206-803d2312,SP01b,SENTINEL_AGENTIC,MALICIOUS,UNKNOWN,0,0,0,0,1,424,25,449,1236,2,PASS,